"Class","TotalAA","G","P","A","V","L","I","M","C","F","Y","W","H","K","R","Q","N","E","D","S","T"
Lgb,523,0.101338432122371,0.0305927342256214,0.0936902485659656,0.110898661567878,0.0764818355640535,0.0592734225621415,0.0286806883365201,0.00956022944550669,0.0305927342256214,0.0248565965583174,0.00573613766730402,0.0286806883365201,0.0822179732313576,0.0305927342256214,0.0210325047801147,0.0229445506692161,0.0611854684512428,0.0478011472275335,0.0726577437858509,0.0611854684512428
Lgb,523,0.101338432122371,0.0325047801147228,0.0898661567877629,0.110898661567878,0.0745697896749522,0.0611854684512428,0.0248565965583174,0.011472275334608,0.0267686424474187,0.0248565965583174,0.00764818355640535,0.0267686424474187,0.0803059273422562,0.0305927342256214,0.0210325047801147,0.0267686424474187,0.0688336520076482,0.0439770554493308,0.0745697896749522,0.0611854684512428
Lgb,148,0.0743243243243243,0.027027027027027,0.128378378378378,0.0878378378378378,0.101351351351351,0.0337837837837838,0.0135135135135135,0,0.0472972972972973,0.0202702702702703,0.0135135135135135,0.0202702702702703,0.0945945945945946,0.0135135135135135,0.0472972972972973,0.0472972972972973,0.0675675675675676,0.0337837837837838,0.0608108108108108,0.0675675675675676
Lgb,154,0.0454545454545455,0.0324675324675325,0.136363636363636,0.11038961038961,0.0909090909090909,0.0584415584415584,0.012987012987013,0,0.0454545454545455,0.012987012987013,0.0194805194805195,0.0324675324675325,0.0909090909090909,0.00649350649350649,0.0324675324675325,0.0454545454545455,0.0844155844155844,0.0324675324675325,0.0584415584415584,0.051948051948052
Lgb,154,0.051948051948052,0.0324675324675325,0.116883116883117,0.11038961038961,0.0909090909090909,0.0584415584415584,0.012987012987013,0,0.051948051948052,0.012987012987013,0.012987012987013,0.025974025974026,0.0974025974025974,0.00649350649350649,0.0324675324675325,0.0454545454545455,0.0714285714285714,0.051948051948052,0.0649350649350649,0.051948051948052
Lgb,144,0.0416666666666667,0.0347222222222222,0.180555555555556,0.104166666666667,0.0902777777777778,0.0277777777777778,0.00694444444444444,0,0.0555555555555556,0.0208333333333333,0.0138888888888889,0.0138888888888889,0.0972222222222222,0.0138888888888889,0.0347222222222222,0.0208333333333333,0.0555555555555556,0.0625,0.0763888888888889,0.0486111111111111
Lgb,145,0.0551724137931034,0.0344827586206897,0.158620689655172,0.0827586206896552,0.0896551724137931,0.0413793103448276,0.00689655172413793,0,0.0620689655172414,0.0206896551724138,0.0137931034482759,0.0137931034482759,0.096551724137931,0.00689655172413793,0.0344827586206897,0.0275862068965517,0.0689655172413793,0.0551724137931034,0.0896551724137931,0.0413793103448276
Lgb,144,0.0486111111111111,0.0347222222222222,0.166666666666667,0.0972222222222222,0.0902777777777778,0.0347222222222222,0.00694444444444444,0,0.0555555555555556,0.0208333333333333,0.0138888888888889,0.0138888888888889,0.0902777777777778,0.00694444444444444,0.0347222222222222,0.0416666666666667,0.0694444444444444,0.0486111111111111,0.0763888888888889,0.0486111111111111
Lgb,145,0.0551724137931034,0.0344827586206897,0.144827586206897,0.0896551724137931,0.0896551724137931,0.0482758620689655,0.00689655172413793,0,0.0620689655172414,0.0206896551724138,0.0137931034482759,0.0137931034482759,0.096551724137931,0.00689655172413793,0.0344827586206897,0.0206896551724138,0.0620689655172414,0.0620689655172414,0.0827586206896552,0.0551724137931034
Lgb,144,0.0694444444444444,0.0277777777777778,0.125,0.0972222222222222,0.0902777777777778,0.0416666666666667,0.0208333333333333,0,0.0486111111111111,0.0208333333333333,0.0138888888888889,0.0208333333333333,0.0972222222222222,0.0138888888888889,0.0416666666666667,0.0208333333333333,0.0625,0.0555555555555556,0.0902777777777778,0.0416666666666667
Lgb,148,0.0675675675675676,0.0337837837837838,0.148648648648649,0.108108108108108,0.101351351351351,0.0135135135135135,0.0202702702702703,0,0.0540540540540541,0.0202702702702703,0.0135135135135135,0.0202702702702703,0.0810810810810811,0.0135135135135135,0.0405405405405405,0.0405405405405405,0.0608108108108108,0.0472972972972973,0.0878378378378378,0.027027027027027
Lgb,148,0.0608108108108108,0.0337837837837838,0.141891891891892,0.108108108108108,0.101351351351351,0.0135135135135135,0.0202702702702703,0,0.0608108108108108,0.0202702702702703,0.0135135135135135,0.0202702702702703,0.0810810810810811,0.0135135135135135,0.0405405405405405,0.0405405405405405,0.0743243243243243,0.0472972972972973,0.0810810810810811,0.027027027027027
Lgb,147,0.054421768707483,0.0272108843537415,0.142857142857143,0.115646258503401,0.0952380952380952,0.0204081632653061,0.0136054421768707,0,0.054421768707483,0.0204081632653061,0.0204081632653061,0.0204081632653061,0.0884353741496599,0.0272108843537415,0.0408163265306122,0.0272108843537415,0.0680272108843537,0.0476190476190476,0.0680272108843537,0.0476190476190476
Lgb,146,0.0753424657534247,0.0273972602739726,0.13013698630137,0.0958904109589041,0.0821917808219178,0.0410958904109589,0.0273972602739726,0,0.0479452054794521,0.0136986301369863,0.0205479452054795,0.0205479452054795,0.0958904109589041,0.0136986301369863,0.0410958904109589,0.0273972602739726,0.0616438356164384,0.0547945205479452,0.0753424657534247,0.0479452054794521
Lgb,146,0.0547945205479452,0.0273972602739726,0.171232876712329,0.0753424657534247,0.116438356164384,0.0273972602739726,0.00684931506849315,0,0.0479452054794521,0.0273972602739726,0.0136986301369863,0.0136986301369863,0.0821917808219178,0.0136986301369863,0.0479452054794521,0.0479452054794521,0.0547945205479452,0.0479452054794521,0.0753424657534247,0.0479452054794521
Lgb,145,0.0689655172413793,0.0206896551724138,0.186206896551724,0.110344827586207,0.096551724137931,0.0206896551724138,0.00689655172413793,0,0.0482758620689655,0.0344827586206897,0.00689655172413793,0.0137931034482759,0.096551724137931,0.0137931034482759,0.0275862068965517,0.0344827586206897,0.0620689655172414,0.0620689655172414,0.0482758620689655,0.0413793103448276
Lgb,147,0.0748299319727891,0.0272108843537415,0.115646258503401,0.102040816326531,0.0816326530612245,0.0340136054421769,0.0272108843537415,0,0.054421768707483,0.0204081632653061,0.0204081632653061,0.0204081632653061,0.0816326530612245,0.0136054421768707,0.0476190476190476,0.0136054421768707,0.0680272108843537,0.054421768707483,0.0952380952380952,0.0476190476190476
Lgb,145,0.0620689655172414,0.0413793103448276,0.16551724137931,0.103448275862069,0.103448275862069,0.0137931034482759,0.00689655172413793,0,0.0551724137931034,0.0275862068965517,0.0137931034482759,0.0206896551724138,0.096551724137931,0.00689655172413793,0.0344827586206897,0.0413793103448276,0.0689655172413793,0.0482758620689655,0.0551724137931034,0.0344827586206897
Lgb,146,0.0821917808219178,0.0273972602739726,0.123287671232877,0.102739726027397,0.089041095890411,0.0410958904109589,0.0273972602739726,0,0.0479452054794521,0.0136986301369863,0.0205479452054795,0.0205479452054795,0.0958904109589041,0.0136986301369863,0.0410958904109589,0.0205479452054795,0.0684931506849315,0.0479452054794521,0.0684931506849315,0.0479452054794521
Lgb,147,0.0680272108843537,0.0204081632653061,0.142857142857143,0.0952380952380952,0.0952380952380952,0.0340136054421769,0.0136054421768707,0,0.054421768707483,0.0272108843537415,0.0136054421768707,0.0204081632653061,0.0884353741496599,0.0136054421768707,0.0476190476190476,0.0136054421768707,0.0680272108843537,0.054421768707483,0.0884353741496599,0.0408163265306122
Lgb,147,0.0748299319727891,0.0204081632653061,0.122448979591837,0.0816326530612245,0.102040816326531,0.0408163265306122,0.0136054421768707,0,0.0476190476190476,0.0136054421768707,0.0204081632653061,0.0204081632653061,0.0816326530612245,0.0204081632653061,0.0476190476190476,0.0476190476190476,0.0680272108843537,0.0408163265306122,0.0680272108843537,0.0680272108843537
Lgb,146,0.0547945205479452,0.0273972602739726,0.171232876712329,0.0684931506849315,0.116438356164384,0.0273972602739726,0.00684931506849315,0,0.0547945205479452,0.0273972602739726,0.0136986301369863,0.0136986301369863,0.0821917808219178,0.0136986301369863,0.0342465753424658,0.0479452054794521,0.0684931506849315,0.0479452054794521,0.0753424657534247,0.0479452054794521
Lgb,146,0.0684931506849315,0.0273972602739726,0.116438356164384,0.0958904109589041,0.0821917808219178,0.0547945205479452,0.0273972602739726,0,0.0479452054794521,0.0205479452054795,0.0205479452054795,0.0205479452054795,0.089041095890411,0.00684931506849315,0.0616438356164384,0.0205479452054795,0.0684931506849315,0.0410958904109589,0.0958904109589041,0.0342465753424658
Lgb,145,0.0620689655172414,0.0206896551724138,0.193103448275862,0.110344827586207,0.096551724137931,0.0206896551724138,0.00689655172413793,0,0.0482758620689655,0.0344827586206897,0.00689655172413793,0.0137931034482759,0.096551724137931,0.0137931034482759,0.0275862068965517,0.0413793103448276,0.0620689655172414,0.0551724137931034,0.0482758620689655,0.0413793103448276
Lgb,148,0.0405405405405405,0.027027027027027,0.108108108108108,0.0945945945945946,0.108108108108108,0.0472972972972973,0.0472972972972973,0,0.0540540540540541,0.0135135135135135,0.0202702702702703,0.0202702702702703,0.0608108108108108,0.0202702702702703,0.0405405405405405,0.0540540540540541,0.0878378378378378,0.0405405405405405,0.0540540540540541,0.0608108108108108
Lgb,146,0.0616438356164384,0.0273972602739726,0.123287671232877,0.0958904109589041,0.089041095890411,0.0479452054794521,0.0273972602739726,0,0.0479452054794521,0.0205479452054795,0.0205479452054795,0.0273972602739726,0.0958904109589041,0.00684931506849315,0.0342465753424658,0.0205479452054795,0.0958904109589041,0.0342465753424658,0.089041095890411,0.0342465753424658
Lgb,220,0.0636363636363636,0.104545454545455,0.0727272727272727,0.0545454545454545,0.1,0.0636363636363636,0.0227272727272727,0.0318181818181818,0.0409090909090909,0.0227272727272727,0,0.0136363636363636,0.0318181818181818,0.0636363636363636,0.0454545454545455,0.0272727272727273,0.05,0.0227272727272727,0.0818181818181818,0.0863636363636364
Lgb,146,0.0753424657534247,0.0205479452054795,0.10958904109589,0.10958904109589,0.089041095890411,0.0410958904109589,0.0273972602739726,0,0.0479452054794521,0.0205479452054795,0.0205479452054795,0.0273972602739726,0.0958904109589041,0.00684931506849315,0.0342465753424658,0.0205479452054795,0.0821917808219178,0.0410958904109589,0.0958904109589041,0.0342465753424658
Lgb,146,0.0616438356164384,0.0273972602739726,0.123287671232877,0.102739726027397,0.0821917808219178,0.0479452054794521,0.0273972602739726,0,0.0479452054794521,0.0205479452054795,0.0205479452054795,0.0273972602739726,0.0958904109589041,0.00684931506849315,0.0342465753424658,0.0205479452054795,0.0958904109589041,0.0342465753424658,0.089041095890411,0.0342465753424658
Lgb,146,0.0616438356164384,0.0273972602739726,0.116438356164384,0.089041095890411,0.089041095890411,0.0616438356164384,0.0273972602739726,0,0.0479452054794521,0.0205479452054795,0.0205479452054795,0.0273972602739726,0.0958904109589041,0.00684931506849315,0.0342465753424658,0.0205479452054795,0.089041095890411,0.0410958904109589,0.089041095890411,0.0342465753424658
Lgb,149,0.0536912751677852,0.0402684563758389,0.134228187919463,0.10738255033557,0.0939597315436242,0.0134228187919463,0.0268456375838926,0,0.0536912751677852,0.0134228187919463,0.0201342281879195,0.0335570469798658,0.10738255033557,0.00671140939597315,0.0335570469798658,0.0469798657718121,0.0738255033557047,0.0469798657718121,0.0671140939597315,0.0268456375838926
Lgb,565,0.0725663716814159,0.0336283185840708,0.0884955752212389,0.0849557522123894,0.0814159292035398,0.0761061946902655,0.0230088495575221,0.015929203539823,0.0230088495575221,0.0265486725663717,0.00707964601769911,0.0300884955752212,0.0672566371681416,0.0442477876106195,0.0265486725663717,0.0389380530973451,0.0601769911504425,0.0566371681415929,0.0690265486725664,0.0743362831858407
Lgb,147,0.0612244897959184,0.0340136054421769,0.149659863945578,0.0952380952380952,0.0952380952380952,0.0204081632653061,0.0204081632653061,0,0.0476190476190476,0.0204081632653061,0.0136054421768707,0.0272108843537415,0.0816326530612245,0.00680272108843537,0.0476190476190476,0.0136054421768707,0.0680272108843537,0.054421768707483,0.0612244897959184,0.0816326530612245
Lgb,91,0,0.043956043956044,0.0549450549450549,0.0989010989010989,0.0659340659340659,0.021978021978022,0.043956043956044,0.043956043956044,0.0879120879120879,0.032967032967033,0.010989010989011,0.043956043956044,0.021978021978022,0.0659340659340659,0.010989010989011,0.021978021978022,0.0549450549450549,0,0.164835164835165,0.10989010989011
Lgb,111,0.0540540540540541,0.00900900900900901,0.108108108108108,0.0810810810810811,0.0900900900900901,0.0540540540540541,0.045045045045045,0.00900900900900901,0.0540540540540541,0.018018018018018,0.027027027027027,0.036036036036036,0.0990990990990991,0.018018018018018,0.018018018018018,0.018018018018018,0.0810810810810811,0.0810810810810811,0.0630630630630631,0.036036036036036
Lgb,145,0.0482758620689655,0.0275862068965517,0.206896551724138,0.110344827586207,0.096551724137931,0.0206896551724138,0.00689655172413793,0,0.0482758620689655,0.0344827586206897,0.00689655172413793,0.0137931034482759,0.103448275862069,0.00689655172413793,0.0275862068965517,0.0344827586206897,0.0620689655172414,0.0551724137931034,0.0689655172413793,0.0206896551724138
Lgb,151,0.0397350993377483,0.033112582781457,0.132450331125828,0.112582781456954,0.0927152317880795,0.0596026490066225,0.00662251655629139,0,0.0463576158940397,0.0132450331125828,0.0198675496688742,0.033112582781457,0.0927152317880795,0.00662251655629139,0.033112582781457,0.0463576158940397,0.0860927152317881,0.033112582781457,0.0596026490066225,0.0529801324503311
Lgb,146,0.0616438356164384,0.0342465753424658,0.13013698630137,0.089041095890411,0.0753424657534247,0.0205479452054795,0.0342465753424658,0,0.0547945205479452,0.00684931506849315,0.0205479452054795,0.0136986301369863,0.123287671232877,0.00684931506849315,0.0410958904109589,0.0616438356164384,0.0958904109589041,0.0410958904109589,0.0410958904109589,0.0479452054794521
Lgb,147,0.0748299319727891,0.0204081632653061,0.122448979591837,0.0884353741496599,0.102040816326531,0.0408163265306122,0.0136054421768707,0,0.0408163265306122,0.0204081632653061,0.0204081632653061,0.0204081632653061,0.0952380952380952,0.0136054421768707,0.0408163265306122,0.0204081632653061,0.0612244897959184,0.054421768707483,0.0884353741496599,0.0612244897959184
Lgb,147,0.054421768707483,0.0340136054421769,0.122448979591837,0.122448979591837,0.102040816326531,0.0136054421768707,0.0136054421768707,0,0.054421768707483,0.0272108843537415,0.0204081632653061,0.0272108843537415,0.102040816326531,0.0136054421768707,0.0408163265306122,0.0204081632653061,0.0816326530612245,0.0408163265306122,0.0612244897959184,0.0476190476190476
Lgb,160,0.04375,0.03125,0.0875,0.08125,0.10625,0.025,0.04375,0.00625,0.05625,0.00625,0.01875,0.01875,0.13125,0.0125,0.03125,0.03125,0.10625,0.01875,0.09375,0.05
Lgb,154,0.0649350649350649,0.0324675324675325,0.142857142857143,0.103896103896104,0.0974025974025974,0.0194805194805195,0.012987012987013,0,0.051948051948052,0.0194805194805195,0.012987012987013,0.0324675324675325,0.103896103896104,0.00649350649350649,0.038961038961039,0.0324675324675325,0.0584415584415584,0.051948051948052,0.0714285714285714,0.0454545454545455
Lgb,148,0.0540540540540541,0.027027027027027,0.148648648648649,0.114864864864865,0.0945945945945946,0.0202702702702703,0.00675675675675676,0,0.0540540540540541,0.0202702702702703,0.0135135135135135,0.0202702702702703,0.101351351351351,0.00675675675675676,0.027027027027027,0.0405405405405405,0.0675675675675676,0.0608108108108108,0.0675675675675676,0.0540540540540541
Lgb,149,0.0536912751677852,0.0268456375838926,0.147651006711409,0.114093959731544,0.0939597315436242,0.0201342281879195,0.0134228187919463,0,0.0536912751677852,0.0201342281879195,0.0134228187919463,0.0201342281879195,0.100671140939597,0.00671140939597315,0.0268456375838926,0.0402684563758389,0.0671140939597315,0.0604026845637584,0.0671140939597315,0.0536912751677852
Lgb,148,0.0743243243243243,0.0337837837837838,0.148648648648649,0.108108108108108,0.101351351351351,0.0202702702702703,0.0135135135135135,0,0.0540540540540541,0.0135135135135135,0.0202702702702703,0.027027027027027,0.0810810810810811,0.0135135135135135,0.0405405405405405,0.0405405405405405,0.0675675675675676,0.0405405405405405,0.0675675675675676,0.0337837837837838
Lgb,232,0.0646551724137931,0.0646551724137931,0.125,0.0948275862068965,0.0732758620689655,0.0387931034482759,0.0258620689655172,0.00431034482758621,0.0301724137931034,0.0344827586206897,0.00862068965517241,0.0301724137931034,0.0560344827586207,0.0732758620689655,0.0172413793103448,0.0129310344827586,0.0646551724137931,0.0387931034482759,0.0905172413793103,0.0517241379310345
Lgb,146,0.0479452054794521,0.0205479452054795,0.116438356164384,0.0684931506849315,0.0821917808219178,0.0684931506849315,0.0410958904109589,0.0205479452054795,0.00684931506849315,0.0479452054794521,0.00684931506849315,0.0753424657534247,0.0410958904109589,0.0616438356164384,0.0273972602739726,0.0136986301369863,0.0958904109589041,0.0479452054794521,0.0479452054794521,0.0616438356164384
Lgb,114,0.0526315789473684,0.0087719298245614,0.184210526315789,0.087719298245614,0.0789473684210526,0.0263157894736842,0.0263157894736842,0,0.043859649122807,0.0087719298245614,0.0175438596491228,0.0263157894736842,0.131578947368421,0.0175438596491228,0.0263157894736842,0.0263157894736842,0.0614035087719298,0.0701754385964912,0.0614035087719298,0.043859649122807
Lgb,146,0.0547945205479452,0.0273972602739726,0.164383561643836,0.0958904109589041,0.089041095890411,0.0410958904109589,0.00684931506849315,0,0.0547945205479452,0.0205479452054795,0.0136986301369863,0.0205479452054795,0.0958904109589041,0.0136986301369863,0.0273972602739726,0.0410958904109589,0.0684931506849315,0.0479452054794521,0.0616438356164384,0.0547945205479452
Lgb,146,0.0547945205479452,0.0342465753424658,0.171232876712329,0.0958904109589041,0.0821917808219178,0.0342465753424658,0.00684931506849315,0,0.0479452054794521,0.0273972602739726,0.0136986301369863,0.0205479452054795,0.0958904109589041,0.0136986301369863,0.0273972602739726,0.0479452054794521,0.0684931506849315,0.0479452054794521,0.0616438356164384,0.0479452054794521
Lgb,123,0.0731707317073171,0.032520325203252,0.203252032520325,0.0894308943089431,0.113821138211382,0.016260162601626,0.016260162601626,0,0.040650406504065,0.016260162601626,0.016260162601626,0.032520325203252,0.0894308943089431,0.00813008130081301,0.040650406504065,0.00813008130081301,0.040650406504065,0.0569105691056911,0.0569105691056911,0.0487804878048781
Lgb,137,0.0656934306569343,0.0364963503649635,0.160583941605839,0.0948905109489051,0.0948905109489051,0.0218978102189781,0.0145985401459854,0,0.0437956204379562,0.0218978102189781,0.0145985401459854,0.0291970802919708,0.0875912408759124,0.0072992700729927,0.0364963503649635,0.0145985401459854,0.0656934306569343,0.0583941605839416,0.0510948905109489,0.0802919708029197
Lgb,58,0.155172413793103,0.0344827586206897,0.120689655172414,0.172413793103448,0.0862068965517241,0.0172413793103448,0,0,0.0344827586206897,0,0,0.0517241379310345,0.0344827586206897,0.0344827586206897,0.0862068965517241,0,0.0172413793103448,0.0689655172413793,0.0517241379310345,0.0344827586206897
Lgb,80,0.05,0.0125,0.1625,0.075,0.075,0.025,0.0375,0,0.025,0,0.025,0.05,0.1375,0.025,0.0375,0.0375,0.125,0.0125,0.025,0.0625
Lgb,500,0.106,0.032,0.102,0.116,0.07,0.06,0.026,0.01,0.024,0.028,0.002,0.026,0.082,0.03,0.02,0.024,0.062,0.05,0.066,0.064
Lgb,22,0.0909090909090909,0.0454545454545455,0.136363636363636,0.0454545454545455,0.0909090909090909,0,0,0,0.0909090909090909,0.0454545454545455,0,0,0.0454545454545455,0,0.136363636363636,0.0454545454545455,0.0454545454545455,0.0454545454545455,0.0909090909090909,0.0454545454545455
Lgb,500,0.106,0.034,0.094,0.116,0.066,0.058,0.024,0.012,0.028,0.028,0.004,0.026,0.08,0.034,0.018,0.024,0.066,0.048,0.07,0.064
Lgb,146,0.0684931506849315,0.0342465753424658,0.191780821917808,0.0821917808219178,0.10958904109589,0.0136986301369863,0.0205479452054795,0,0.0479452054794521,0.0205479452054795,0.0136986301369863,0.0273972602739726,0.0821917808219178,0.00684931506849315,0.0547945205479452,0.0136986301369863,0.0410958904109589,0.0547945205479452,0.0684931506849315,0.0479452054794521
Lgb,123,0.0650406504065041,0.032520325203252,0.203252032520325,0.0894308943089431,0.113821138211382,0.016260162601626,0.016260162601626,0,0.040650406504065,0.016260162601626,0.016260162601626,0.032520325203252,0.0894308943089431,0.00813008130081301,0.040650406504065,0.00813008130081301,0.0487804878048781,0.0487804878048781,0.0650406504065041,0.0487804878048781
Lgb,62,0.145161290322581,0.032258064516129,0.0967741935483871,0.161290322580645,0.0967741935483871,0.0161290322580645,0,0,0.0483870967741935,0,0,0.0483870967741935,0.0483870967741935,0.032258064516129,0.0806451612903226,0,0.0161290322580645,0.0645161290322581,0.0806451612903226,0.032258064516129
Lgb,58,0.155172413793103,0.0344827586206897,0.103448275862069,0.172413793103448,0.0862068965517241,0.0172413793103448,0,0,0.0344827586206897,0,0,0.0517241379310345,0.0344827586206897,0.0344827586206897,0.0862068965517241,0,0.0172413793103448,0.0689655172413793,0.0689655172413793,0.0344827586206897
Lgb,154,0.038961038961039,0.0194805194805195,0.0974025974025974,0.0844155844155844,0.0974025974025974,0.0584415584415584,0.038961038961039,0.00649350649350649,0.0584415584415584,0.0194805194805195,0.025974025974026,0.025974025974026,0.0974025974025974,0.012987012987013,0.025974025974026,0.025974025974026,0.0909090909090909,0.0714285714285714,0.0649350649350649,0.038961038961039
Lgb,178,0.0674157303370786,0.0393258426966292,0.0730337078651685,0.0842696629213483,0.106741573033708,0.0561797752808989,0.0224719101123595,0.0112359550561798,0.050561797752809,0.0337078651685393,0.0393258426966292,0.0168539325842697,0.0842696629213483,0.0393258426966292,0.0168539325842697,0.00561797752808989,0.0449438202247191,0.0561797752808989,0.0955056179775281,0.0561797752808989
Lgb,79,0.0379746835443038,0,0.227848101265823,0.139240506329114,0.0759493670886076,0.0126582278481013,0.0253164556962025,0.0126582278481013,0.0126582278481013,0.0379746835443038,0.0126582278481013,0.0126582278481013,0.0886075949367089,0.0379746835443038,0.0253164556962025,0.0253164556962025,0.0759493670886076,0.0379746835443038,0.0759493670886076,0.0253164556962025
Lgb,145,0.0482758620689655,0.0275862068965517,0.206896551724138,0.110344827586207,0.096551724137931,0.0206896551724138,0.00689655172413793,0,0.0482758620689655,0.0344827586206897,0.00689655172413793,0.0137931034482759,0.096551724137931,0.00689655172413793,0.0275862068965517,0.0344827586206897,0.0620689655172414,0.0482758620689655,0.0689655172413793,0.0206896551724138
Lgb,115,0.11304347826087,0.0695652173913043,0.0434782608695652,0.0608695652173913,0.0521739130434783,0.104347826086957,0.0347826086956522,0.0347826086956522,0.0260869565217391,0.00869565217391304,0.0173913043478261,0.0260869565217391,0.0521739130434783,0.0521739130434783,0.0173913043478261,0.0695652173913043,0.130434782608696,0.0260869565217391,0.0347826086956522,0.0260869565217391
Lgb,77,0.0649350649350649,0.038961038961039,0.168831168831169,0.0909090909090909,0.116883116883117,0.025974025974026,0,0,0.0649350649350649,0.012987012987013,0,0.025974025974026,0.051948051948052,0.025974025974026,0.038961038961039,0.0649350649350649,0.025974025974026,0.051948051948052,0.0909090909090909,0.038961038961039
Lgb,559,0.073345259391771,0.0447227191413238,0.0805008944543828,0.0608228980322004,0.0930232558139535,0.0608228980322004,0.0214669051878354,0.0161001788908766,0.035778175313059,0.0483005366726297,0.0143112701252236,0.0268336314847943,0.0661896243291592,0.0322003577817531,0.0322003577817531,0.037567084078712,0.0822898032200358,0.0626118067978533,0.0554561717352415,0.0554561717352415
Lgb,300,0.09,0.0333333333333333,0.09,0.113333333333333,0.0666666666666667,0.0433333333333333,0.04,0.00666666666666667,0.04,0.0233333333333333,0,0.0366666666666667,0.0766666666666667,0.0233333333333333,0.0333333333333333,0.0266666666666667,0.0766666666666667,0.05,0.0666666666666667,0.0633333333333333
Lgb,125,0.072,0.064,0.056,0.12,0.08,0.048,0.04,0.024,0.016,0.048,0.008,0.04,0.032,0.04,0.072,0.008,0.096,0.032,0.04,0.064
Lgb,41,0.024390243902439,0,0.219512195121951,0.0975609756097561,0.0975609756097561,0.0487804878048781,0,0,0,0.0487804878048781,0.0487804878048781,0,0.121951219512195,0.024390243902439,0.024390243902439,0,0.0731707317073171,0.0487804878048781,0.0487804878048781,0.0731707317073171
Lgb,99,0.0909090909090909,0.0202020202020202,0.161616161616162,0.121212121212121,0.0909090909090909,0.0404040404040404,0.0101010101010101,0,0.0202020202020202,0.0101010101010101,0.0202020202020202,0.0303030303030303,0.0909090909090909,0.0202020202020202,0.0505050505050505,0,0.0404040404040404,0.0606060606060606,0.0606060606060606,0.0606060606060606
Lgb,58,0.137931034482759,0.0344827586206897,0.120689655172414,0.172413793103448,0.0862068965517241,0.0172413793103448,0,0,0.0344827586206897,0,0,0.0517241379310345,0.0517241379310345,0.0344827586206897,0.0689655172413793,0,0.0172413793103448,0.0689655172413793,0.0517241379310345,0.0517241379310345
Lgb,70,0.0714285714285714,0.0142857142857143,0.142857142857143,0.114285714285714,0.0857142857142857,0.0571428571428571,0.0142857142857143,0,0.0142857142857143,0.0142857142857143,0.0285714285714286,0.0285714285714286,0.1,0.0142857142857143,0.0142857142857143,0,0.0857142857142857,0.0571428571428571,0.0857142857142857,0.0571428571428571
Lgb,77,0.0649350649350649,0.038961038961039,0.168831168831169,0.0909090909090909,0.116883116883117,0.025974025974026,0,0,0.0649350649350649,0.012987012987013,0,0.025974025974026,0.051948051948052,0.025974025974026,0.038961038961039,0.0649350649350649,0.025974025974026,0.051948051948052,0.0909090909090909,0.038961038961039
Lgb,70,0.0714285714285714,0.0142857142857143,0.128571428571429,0.114285714285714,0.0857142857142857,0.0571428571428571,0.0142857142857143,0,0.0142857142857143,0.0142857142857143,0.0285714285714286,0.0285714285714286,0.1,0.0142857142857143,0.0142857142857143,0,0.0857142857142857,0.0571428571428571,0.0857142857142857,0.0714285714285714
Lgb,113,0.079646017699115,0.0353982300884956,0.115044247787611,0.123893805309735,0.123893805309735,0.0265486725663717,0,0,0.0530973451327434,0.0176991150442478,0.00884955752212389,0.0265486725663717,0.0884955752212389,0.0353982300884956,0.0442477876106195,0.0176991150442478,0.0619469026548673,0.0442477876106195,0.0530973451327434,0.0442477876106195
Lgb,162,0.0740740740740741,0.0246913580246914,0.123456790123457,0.0802469135802469,0.0740740740740741,0.0493827160493827,0.0308641975308642,0,0.0493827160493827,0.0185185185185185,0.0123456790123457,0.0185185185185185,0.111111111111111,0.0185185185185185,0.0617283950617284,0.0308641975308642,0.0555555555555556,0.0432098765432099,0.0802469135802469,0.0432098765432099
Lgb,121,0.0743801652892562,0.0165289256198347,0.15702479338843,0.12396694214876,0.115702479338843,0.0330578512396694,0.00826446280991736,0,0.0413223140495868,0.0165289256198347,0.0165289256198347,0.0330578512396694,0.0909090909090909,0.0165289256198347,0.0413223140495868,0.00826446280991736,0.0578512396694215,0.0495867768595041,0.0495867768595041,0.0495867768595041
Lgb,100,0.07,0.02,0.17,0.13,0.09,0.03,0.01,0,0.02,0.01,0.02,0.03,0.09,0.03,0.04,0.02,0.07,0.06,0.05,0.04
Lgb,73,0.0821917808219178,0.0273972602739726,0.10958904109589,0.150684931506849,0.0958904109589041,0.0273972602739726,0.0273972602739726,0,0.0547945205479452,0,0,0.0410958904109589,0.0684931506849315,0.0273972602739726,0.0684931506849315,0.0136986301369863,0.0410958904109589,0.0547945205479452,0.0547945205479452,0.0547945205479452
Lgb,107,0.0841121495327103,0.0186915887850467,0.11214953271028,0.102803738317757,0.0747663551401869,0.0654205607476635,0.0280373831775701,0,0.0467289719626168,0.00934579439252336,0.0186915887850467,0.0280373831775701,0.102803738317757,0.0186915887850467,0.0467289719626168,0,0.0560747663551402,0.0747663551401869,0.0841121495327103,0.0280373831775701
Lgb,83,0.0843373493975904,0.0120481927710843,0.108433734939759,0.108433734939759,0.0843373493975904,0.0843373493975904,0.0240963855421687,0,0.0240963855421687,0.0120481927710843,0.0240963855421687,0.0240963855421687,0.0963855421686747,0.0240963855421687,0.036144578313253,0,0.0602409638554217,0.072289156626506,0.0602409638554217,0.0602409638554217
Lgb,146,0.0753424657534247,0.0273972602739726,0.116438356164384,0.0958904109589041,0.0958904109589041,0.0547945205479452,0.0273972602739726,0,0.0479452054794521,0.0136986301369863,0.0205479452054795,0.0205479452054795,0.0958904109589041,0.0136986301369863,0.0342465753424658,0.0205479452054795,0.0821917808219178,0.0410958904109589,0.0821917808219178,0.0342465753424658
Lgb,147,0.0748299319727891,0.0204081632653061,0.129251700680272,0.0884353741496599,0.0952380952380952,0.0408163265306122,0.0136054421768707,0,0.054421768707483,0.0136054421768707,0.0204081632653061,0.0204081632653061,0.0884353741496599,0.0136054421768707,0.0476190476190476,0.0408163265306122,0.0612244897959184,0.0408163265306122,0.0884353741496599,0.0476190476190476
Lgb,49,0.0408163265306122,0.0204081632653061,0.142857142857143,0.122448979591837,0.0816326530612245,0.0408163265306122,0.0204081632653061,0,0.0204081632653061,0.0204081632653061,0.0408163265306122,0.0204081632653061,0.122448979591837,0,0,0.0408163265306122,0.0612244897959184,0.0408163265306122,0.102040816326531,0.0612244897959184
Lgb,102,0.0882352941176471,0.0294117647058824,0.0882352941176471,0.117647058823529,0.0980392156862745,0.0490196078431373,0.0196078431372549,0.0196078431372549,0.0294117647058824,0.0392156862745098,0.00980392156862745,0.0196078431372549,0.117647058823529,0.0196078431372549,0.0392156862745098,0.00980392156862745,0.0882352941176471,0.0294117647058824,0.0686274509803922,0.0196078431372549
Lgb,29,0,0.0344827586206897,0.0689655172413793,0.0689655172413793,0.172413793103448,0,0.0344827586206897,0,0.137931034482759,0,0.0344827586206897,0,0,0.0344827586206897,0.0689655172413793,0.103448275862069,0.103448275862069,0,0.103448275862069,0.0344827586206897
Lgb,114,0.0789473684210526,0.0263157894736842,0.166666666666667,0.114035087719298,0.105263157894737,0.0263157894736842,0.0087719298245614,0,0.0350877192982456,0.0087719298245614,0.0175438596491228,0.0350877192982456,0.0964912280701754,0.0175438596491228,0.043859649122807,0.0087719298245614,0.0614035087719298,0.0526315789473684,0.0526315789473684,0.043859649122807
Lgb,896,0.0580357142857143,0.0691964285714286,0.0491071428571429,0.0535714285714286,0.0725446428571429,0.0401785714285714,0.0189732142857143,0.0401785714285714,0.0245535714285714,0.0212053571428571,0.00111607142857143,0.0223214285714286,0.0636160714285714,0.0390625,0.0457589285714286,0.0602678571428571,0.0636160714285714,0.0625,0.129464285714286,0.0647321428571429
Lgb,151,0.0596026490066225,0.0397350993377483,0.145695364238411,0.0927152317880795,0.0993377483443709,0.0397350993377483,0.0198675496688742,0,0.0596026490066225,0.00662251655629139,0.0132450331125828,0.0264900662251656,0.0993377483443709,0.00662251655629139,0.033112582781457,0.0397350993377483,0.0728476821192053,0.0463576158940397,0.0596026490066225,0.0397350993377483
Lgb,82,0.0609756097560976,0.0121951219512195,0.158536585365854,0.121951219512195,0.0975609756097561,0.0609756097560976,0.0121951219512195,0,0.0121951219512195,0.0121951219512195,0.024390243902439,0.0121951219512195,0.0975609756097561,0.0121951219512195,0.0487804878048781,0.0121951219512195,0.0731707317073171,0.0609756097560976,0.0487804878048781,0.0609756097560976
Lgb,154,0.0324675324675325,0.025974025974026,0.0844155844155844,0.0584415584415584,0.0974025974025974,0.0714285714285714,0.0454545454545455,0.00649350649350649,0.0584415584415584,0.0194805194805195,0.025974025974026,0.038961038961039,0.103896103896104,0.012987012987013,0.0194805194805195,0.025974025974026,0.0844155844155844,0.0779220779220779,0.0714285714285714,0.038961038961039
Lgb,160,0.03125,0.025,0.10625,0.05,0.09375,0.0625,0.0375,0.00625,0.04375,0.01875,0.025,0.03125,0.10625,0.0125,0.04375,0.0375,0.08125,0.0625,0.08125,0.04375
Lgb,145,0.0689655172413793,0.0275862068965517,0.124137931034483,0.103448275862069,0.117241379310345,0.0413793103448276,0.0137931034482759,0,0.0482758620689655,0.0275862068965517,0.0137931034482759,0.0206896551724138,0.0758620689655172,0.00689655172413793,0.0551724137931034,0.0344827586206897,0.0551724137931034,0.0482758620689655,0.0620689655172414,0.0551724137931034
Lgb,147,0.0476190476190476,0.0272108843537415,0.102040816326531,0.0952380952380952,0.0952380952380952,0.054421768707483,0.0136054421768707,0,0.054421768707483,0.0204081632653061,0.0204081632653061,0.0204081632653061,0.102040816326531,0.0136054421768707,0.0476190476190476,0.0272108843537415,0.0816326530612245,0.054421768707483,0.0680272108843537,0.054421768707483
Lgb,147,0.0612244897959184,0.0272108843537415,0.102040816326531,0.0952380952380952,0.102040816326531,0.0340136054421769,0.0136054421768707,0,0.054421768707483,0.0340136054421769,0.0136054421768707,0.0340136054421769,0.0952380952380952,0.00680272108843537,0.0408163265306122,0.0204081632653061,0.0748299319727891,0.0408163265306122,0.0884353741496599,0.0612244897959184
Lgb,73,0.0684931506849315,0,0.123287671232877,0.10958904109589,0.0821917808219178,0.0410958904109589,0.0547945205479452,0.0136986301369863,0.0273972602739726,0.0273972602739726,0.0410958904109589,0.0273972602739726,0.150684931506849,0,0.0136986301369863,0,0.0684931506849315,0.0958904109589041,0.0273972602739726,0.0273972602739726
Lgb,105,0.0761904761904762,0.019047619047619,0.133333333333333,0.123809523809524,0.0857142857142857,0.0476190476190476,0.019047619047619,0,0.0380952380952381,0.00952380952380952,0.019047619047619,0.0285714285714286,0.0952380952380952,0.019047619047619,0.0380952380952381,0.019047619047619,0.0571428571428571,0.0666666666666667,0.0571428571428571,0.0476190476190476
Lgb,153,0.0588235294117647,0.0326797385620915,0.0980392156862745,0.0980392156862745,0.0849673202614379,0.0588235294117647,0.0261437908496732,0.0065359477124183,0.0522875816993464,0.0326797385620915,0.0196078431372549,0.0196078431372549,0.0915032679738562,0.0196078431372549,0.0457516339869281,0.0326797385620915,0.0849673202614379,0.0326797385620915,0.0588235294117647,0.0457516339869281
Lgb,146,0.0616438356164384,0.0342465753424658,0.191780821917808,0.0821917808219178,0.10958904109589,0.0136986301369863,0.0205479452054795,0,0.0479452054794521,0.0205479452054795,0.0136986301369863,0.0273972602739726,0.0821917808219178,0.00684931506849315,0.0547945205479452,0.0136986301369863,0.0479452054794521,0.0479452054794521,0.0753424657534247,0.0479452054794521
Lgb,147,0.0612244897959184,0.0340136054421769,0.149659863945578,0.0952380952380952,0.0952380952380952,0.0204081632653061,0.0204081632653061,0,0.0476190476190476,0.0204081632653061,0.0136054421768707,0.0272108843537415,0.0816326530612245,0.00680272108843537,0.0476190476190476,0.0136054421768707,0.0680272108843537,0.054421768707483,0.0612244897959184,0.0816326530612245
Lgb,146,0.0821917808219178,0.0273972602739726,0.123287671232877,0.0958904109589041,0.0821917808219178,0.0410958904109589,0.0273972602739726,0,0.0547945205479452,0.0205479452054795,0.0136986301369863,0.0205479452054795,0.089041095890411,0.0136986301369863,0.0410958904109589,0.0205479452054795,0.0616438356164384,0.0479452054794521,0.089041095890411,0.0479452054794521
Lgb,148,0.0405405405405405,0.0202702702702703,0.101351351351351,0.114864864864865,0.0743243243243243,0.0337837837837838,0.0472972972972973,0,0.0675675675675676,0.027027027027027,0.0202702702702703,0.0202702702702703,0.0743243243243243,0.0202702702702703,0.0472972972972973,0.0540540540540541,0.0878378378378378,0.0405405405405405,0.0608108108108108,0.0472972972972973
Lgb,146,0.0547945205479452,0.0273972602739726,0.171232876712329,0.0753424657534247,0.116438356164384,0.0273972602739726,0.00684931506849315,0,0.0479452054794521,0.0273972602739726,0.0136986301369863,0.0136986301369863,0.0821917808219178,0.0136986301369863,0.0342465753424658,0.0479452054794521,0.0684931506849315,0.0479452054794521,0.0753424657534247,0.0479452054794521
Lgb,77,0.0649350649350649,0.038961038961039,0.168831168831169,0.0909090909090909,0.116883116883117,0.025974025974026,0,0,0.0649350649350649,0.012987012987013,0,0.025974025974026,0.051948051948052,0.025974025974026,0.038961038961039,0.0649350649350649,0.025974025974026,0.051948051948052,0.0909090909090909,0.038961038961039
Lgb,502,0.103585657370518,0.0318725099601594,0.101593625498008,0.107569721115538,0.0637450199203187,0.0697211155378486,0.0258964143426295,0.0099601593625498,0.0258964143426295,0.0258964143426295,0.00199203187250996,0.0258964143426295,0.0816733067729084,0.0318725099601594,0.0199203187250996,0.0318725099601594,0.0717131474103586,0.0438247011952191,0.0697211155378486,0.0557768924302789
Lgb,148,0.0608108108108108,0.0337837837837838,0.0945945945945946,0.121621621621622,0.0810810810810811,0.0337837837837838,0.027027027027027,0,0.0608108108108108,0.0202702702702703,0.0202702702702703,0.0202702702702703,0.0743243243243243,0.0135135135135135,0.0405405405405405,0.0337837837837838,0.0878378378378378,0.0472972972972973,0.0743243243243243,0.0540540540540541
Lgb,111,0.0540540540540541,0.027027027027027,0.108108108108108,0.117117117117117,0.0810810810810811,0.0630630630630631,0.027027027027027,0.00900900900900901,0.036036036036036,0.027027027027027,0.018018018018018,0.027027027027027,0.0900900900900901,0.027027027027027,0.045045045045045,0.027027027027027,0.0810810810810811,0.045045045045045,0.045045045045045,0.045045045045045
Lgb,147,0.0748299319727891,0.0272108843537415,0.102040816326531,0.108843537414966,0.0816326530612245,0.0340136054421769,0.0272108843537415,0,0.054421768707483,0.0204081632653061,0.0204081632653061,0.0204081632653061,0.0816326530612245,0.0136054421768707,0.0476190476190476,0.0204081632653061,0.0748299319727891,0.0476190476190476,0.0884353741496599,0.054421768707483
Lgb,109,0.055045871559633,0.0275229357798165,0.073394495412844,0.119266055045872,0.0917431192660551,0.036697247706422,0.036697247706422,0,0.0642201834862385,0.00917431192660551,0.00917431192660551,0.055045871559633,0.110091743119266,0.00917431192660551,0.036697247706422,0.036697247706422,0.0825688073394495,0.036697247706422,0.0642201834862385,0.0458715596330275
Lgb,147,0.0612244897959184,0.0272108843537415,0.115646258503401,0.102040816326531,0.0884353741496599,0.0476190476190476,0.0272108843537415,0,0.0476190476190476,0.0204081632653061,0.0204081632653061,0.0204081632653061,0.102040816326531,0.0136054421768707,0.0408163265306122,0.0340136054421769,0.0748299319727891,0.054421768707483,0.0680272108843537,0.0340136054421769
Lgb,107,0.0747663551401869,0.0467289719626168,0.0841121495327103,0.121495327102804,0.0747663551401869,0.0186915887850467,0.0280373831775701,0,0.0841121495327103,0.0186915887850467,0.00934579439252336,0.0280373831775701,0.0560747663551402,0.0186915887850467,0.0560747663551402,0.0467289719626168,0.0560747663551402,0.0467289719626168,0.0747663551401869,0.0560747663551402
Lgb,147,0.0680272108843537,0.0204081632653061,0.142857142857143,0.0952380952380952,0.0952380952380952,0.0340136054421769,0.0136054421768707,0,0.054421768707483,0.0272108843537415,0.0136054421768707,0.0204081632653061,0.0884353741496599,0.0136054421768707,0.0476190476190476,0.0136054421768707,0.0680272108843537,0.054421768707483,0.0884353741496599,0.0408163265306122
Lgb,155,0.0387096774193548,0.0258064516129032,0.109677419354839,0.0709677419354839,0.0967741935483871,0.0580645161290323,0.0387096774193548,0.00645161290322581,0.0580645161290323,0.0193548387096774,0.0258064516129032,0.0258064516129032,0.0967741935483871,0.0193548387096774,0.0258064516129032,0.032258064516129,0.0838709677419355,0.0774193548387097,0.0516129032258065,0.0387096774193548
Lgb,106,0.0660377358490566,0.0283018867924528,0.0943396226415094,0.150943396226415,0.0754716981132075,0.0377358490566038,0.0283018867924528,0,0.0377358490566038,0.00943396226415094,0.0188679245283019,0.0283018867924528,0.0849056603773585,0.00943396226415094,0.0377358490566038,0.0283018867924528,0.0943396226415094,0.0566037735849057,0.0660377358490566,0.0471698113207547
Lgb,146,0.0821917808219178,0.0273972602739726,0.123287671232877,0.102739726027397,0.089041095890411,0.0410958904109589,0.0273972602739726,0,0.0479452054794521,0.0136986301369863,0.0205479452054795,0.0205479452054795,0.0958904109589041,0.0136986301369863,0.0410958904109589,0.0205479452054795,0.0684931506849315,0.0479452054794521,0.0684931506849315,0.0479452054794521
Lgb,132,0.0454545454545455,0.0227272727272727,0.0984848484848485,0.0833333333333333,0.0984848484848485,0.0303030303030303,0.0303030303030303,0,0.0378787878787879,0.0227272727272727,0.0227272727272727,0.00757575757575758,0.0984848484848485,0.0227272727272727,0.0454545454545455,0.0303030303030303,0.0984848484848485,0.0378787878787879,0.0984848484848485,0.0681818181818182
Lgb,106,0.0849056603773585,0.0283018867924528,0.122641509433962,0.113207547169811,0.0943396226415094,0.0283018867924528,0.00943396226415094,0,0.0754716981132075,0.0283018867924528,0,0.0283018867924528,0.0660377358490566,0.0188679245283019,0.0660377358490566,0.0188679245283019,0.0377358490566038,0.0566037735849057,0.0943396226415094,0.0283018867924528
Lgb,147,0.0748299319727891,0.0204081632653061,0.115646258503401,0.0884353741496599,0.0884353741496599,0.0476190476190476,0.0272108843537415,0,0.0476190476190476,0.0204081632653061,0.0204081632653061,0.0204081632653061,0.0816326530612245,0.0136054421768707,0.0476190476190476,0.0204081632653061,0.0748299319727891,0.0408163265306122,0.0952380952380952,0.054421768707483
Lgb,500,0.106,0.034,0.102,0.11,0.074,0.062,0.026,0.012,0.022,0.026,0.004,0.026,0.084,0.032,0.016,0.026,0.072,0.046,0.062,0.058
Lgb,439,0.0751708428246014,0.0432801822323462,0.0842824601366743,0.061503416856492,0.0888382687927107,0.0592255125284738,0.0227790432801822,0.0182232346241458,0.0432801822323462,0.0523917995444191,0.0113895216400911,0.0227790432801822,0.0660592255125285,0.0273348519362187,0.0318906605922551,0.0318906605922551,0.0842824601366743,0.0660592255125285,0.0569476082004556,0.0523917995444191
Lgb,27,0.0740740740740741,0,0.037037037037037,0.0740740740740741,0.111111111111111,0,0.0740740740740741,0,0.037037037037037,0,0,0,0.0740740740740741,0.148148148148148,0.111111111111111,0.037037037037037,0.0740740740740741,0.0740740740740741,0,0.0740740740740741
Lgb,155,0.0387096774193548,0.0451612903225806,0.0709677419354839,0.0645161290322581,0.0903225806451613,0.0580645161290323,0.032258064516129,0.00645161290322581,0.0580645161290323,0.0258064516129032,0.00645161290322581,0.0516129032258065,0.0967741935483871,0.0258064516129032,0.0387096774193548,0.0451612903225806,0.0838709677419355,0.0451612903225806,0.0516129032258065,0.0645161290322581
Lgb,465,0.10752688172043,0.0537634408602151,0.113978494623656,0.0989247311827957,0.116129032258065,0.0387096774193548,0.0193548387096774,0.010752688172043,0.0365591397849462,0.00860215053763441,0.0043010752688172,0.0279569892473118,0.0451612903225806,0.0494623655913978,0.0172043010752688,0.0193548387096774,0.0516129032258065,0.0473118279569892,0.0602150537634409,0.0731182795698925
